{"stats":{"minecraft:picked_up":{"minecraft:crafting_table":1,"minecraft:dark_oak_log":39},"minecraft:used":{"minecraft:dark_oak_planks":30,"minecraft:wooden_axe":36,"minecraft:dark_oak_log":2,"minecraft:crafting_table":1},"minecraft:crafted":{"minecraft:dark_oak_planks":148,"minecraft:crafting_table":1,"minecraft:stick":8,"minecraft:wooden_axe":1},"minecraft:mined":{"minecraft:short_grass":1,"minecraft:dark_oak_log":39,"minecraft:crafting_table":1},"minecraft:custom":{"minecraft:time_since_rest":6713,"minecraft:crouch_one_cm":457,"minecraft:play_time":6713,"minecraft:sprint_one_cm":3338,"minecraft:damage_taken":30,"minecraft:walk_one_cm":6974,"minecraft:sneak_time":612,"minecraft:jump":54,"minecraft:leave_game":2,"minecraft:time_since_death":6713,"minecraft:total_world_time":6713,"minecraft:fall_one_cm":569,"minecraft:interact_with_crafting_table":2,"minecraft:fly_one_cm":2067}},"DataVersion":3955}